{
  "css/style.css": 1614597538437,
  "model/models.js": 1614597538437,
  "manifest.json": 1614606149250,
  "controller/TestGitView.controller.js": 1614597538441,
  "Component.js": 1614597538437,
  "manifest-bundle.zip": 1614606149080,
  "Component-preload.js": 1614606149231,
  "Component-dbg.js": 1614597538437,
  "controller/TestGitView-dbg.controller.js": 1614597538441,
  "model/models-dbg.js": 1614597538437,
  "resources.json": 1614606149253,
  "view/TestGitView.view.xml": 1614605684832,
  "i18n/i18n.properties": 1614597538437,
  "index.html": 1614597538437
}