{
  "Component.js": 1614534363367,
  "i18n/i18n.properties": 1614534363371,
  "model/models.js": 1614534363371,
  "controller/View1.controller.js": 1614534363371,
  "manifest.json": 1614539881418,
  "manifest-bundle.zip": 1614539881192,
  "Component-preload.js": 1614539881391,
  "Component-dbg.js": 1614534363367,
  "controller/View1-dbg.controller.js": 1614534363371,
  "model/models-dbg.js": 1614534363371,
  "resources.json": 1614539881422,
  "view/View1.view.xml": 1614534363375,
  "css/style.css": 1614534363371,
  "index.html": 1614534363367
}