{
  "Component-preload.js": 1614533917113,
  "manifest.json": 1614533917203,
  "model/models.js": 1611918705566,
  "controller/View1.controller.js": 1611918705562,
  "Component.js": 1611950416471,
  "manifest-bundle.zip": 1614533916535,
  "i18n/i18n.properties": 1611918705562,
  "controller/View1-dbg.controller.js": 1611918705562,
  "model/models-dbg.js": 1611918705566,
  "Component-dbg.js": 1611950416471,
  "resources.json": 1614533917208,
  "view/View1.view.xml": 1611950416471,
  "css/style.css": 1611918705562,
  "index.html": 1611918705562
}